antibody_key,step,mutation_applied,mutation_count,pred_variance,SoD,SoMS,governance_signal,__event_note__,Name,ACSINS_transformed,AS,BVP,CIC_transformed,CSI_transformed,ELISA,HIC,HEK,PSR,SGAC_transformed,SMAC_transformed,Tm,__source_file__
001,0,False,0,2131.591307946006,1065.795653973003,1065.795653973003,CRITICAL,no_step_single_row_run,,1.1944805359911783,0.0887340233588445,7.640377147833334,0.0415636666666666,1.081533320263747,2.640164046666667,11.73400775087594,150.16997307000003,0.3997576096514891,-0.5937348530840706,0.91534,77.58333333333333,001Prediction_Result.csv
045,0,False,0,1461.0351192911244,730.5175596455622,730.5175596455622,CRITICAL,no_step_single_row_run,,0.0805071322190538,0.0526059634828391,3.0604547975000003,0.1282219999999999,0.7224244668413033,1.3741926873333334,8.96137230191696,121.586310814,0.248791867323987,-0.2970450214661433,0.9422018333333334,68.66666666666667,045Prediction_Result.csv
183,0,False,0,1461.0351192911244,730.5175596455622,730.5175596455622,CRITICAL,no_step_single_row_run,,0.0805071322190538,0.0526059634828391,3.0604547975000003,0.1282219999999999,0.7224244668413033,1.3741926873333334,8.96137230191696,121.586310814,0.248791867323987,-0.2970450214661433,0.9422018333333334,68.66666666666667,183Prediction_Result.csv
