Antibody,framework_len,hydrophobic_count,hydrophobic_ratio
1bvl,468,172,0.36752136752136755
4lvh,866,300,0.3464203233256351
Antibody_A,360,130,0.3611111111111111
Antibody_B,360,214,0.5944444444444444
Antibody_C,358,134,0.3743016759776536
