id,chain,sapiens_score
H1,H,0.7194571194743428
L1,L,0.7165854992564628
