id,chain,sapiens_score
H1,H,0.7113792745757007
L1,L,0.7996827929419962
