id,chain,sapiens_score
H1,H,0.6579913698399488
L1,L,0.7165093828570442
